cluster_id,cluster_name,keywords_count,total_volume,avg_difficulty,avg_cpc,intent_distribution,insights,content_strategy,priority_justification,priority_score,priority_level
18,Software Development Services,23,2570,22.09,3.34,"{'branded': {'count': 12, 'percentage': np.float64(52.17)}, 'local': {'count': 0, 'percentage': np.float64(0.0)}, 'navigational': {'count': 1, 'percentage': np.float64(4.35)}, 'informational': {'count': 3, 'percentage': np.float64(13.04)}, 'commercial': {'count': 20, 'percentage': np.float64(86.96)}, 'transactional': {'count': 17, 'percentage': np.float64(73.91)}}","Klaster słów kluczowych ""Software Development Services"" wyraźnie wskazuje na poszukiwanie przez użytkowników firm oferujących usługi tworzenia oprogramowania. Głównym tematem jest szeroko pojęty ""software development"", z podtematami związanymi z konkretnymi technologiami (np. .NET, React, Java, C#). Użytkownicy znajdują się głównie na etapie rozważania i podejmowania decyzji (Commercial, Transactional), poszukując konkretnych rozwiązań i firm, które mogą im pomóc. Przykładowe zapytania, takie jak ""react software development services"" czy ""custom java software development"", wskazują na sprecyzowane potrzeby.","Strategia contentowa powinna skupiać się na prezentacji usług, budowaniu zaufania i generowaniu leadów.

*   **Strony produktowe/usługowe:** Szczegółowe strony dla każdej z oferowanych technologii i typów usług.
    *   Przykładowe tematy:
        *   ""React Software Development Services: Your Guide to Modern Web Apps""
        *   ""Custom Java Software Development: Solutions Tailored to Your Business Needs""
*   **Artykuły blogowe/Poradniki:** Edukacja potencjalnych klientów i pozycjonowanie się jako eksperta.
    *   Przykładowe tematy:
        *   ""Top 5 Benefits of .NET Software Development for Your Business""
        *   ""How to Choose the Right Java Software Development Company""
*   **Case Studies:** Prezentacja sukcesów i dowód na skuteczność oferowanych usług.
    *   Przykładowe tematy:
        *   ""React Software Development Case Study: Building a Scalable E-commerce Platform""
        *   ""Java Software Development Case Study: Optimizing a Legacy System for a Financial Institution""","Klaster ""Software Development Services"" charakteryzuje się znacznym łącznym wolumenem wyszukiwań (2570), wysokim udziałem intencji komercyjnych i transakcyjnych, oraz relatywnie umiarkowaną średnią trudnością (22.09). Potencjał biznesowy jest wysoki, ponieważ słowa kluczowe wskazują na poszukiwanie konkretnych usług, co sugeruje możliwość generowania leadów i konwersji.",1.01,Wysoki
16,Automotive Supply Chain,71,3940,10.24,4.12,"{'branded': {'count': 1, 'percentage': np.float64(1.41)}, 'local': {'count': 0, 'percentage': np.float64(0.0)}, 'navigational': {'count': 0, 'percentage': np.float64(0.0)}, 'informational': {'count': 51, 'percentage': np.float64(71.83)}, 'commercial': {'count': 53, 'percentage': np.float64(74.65)}, 'transactional': {'count': 19, 'percentage': np.float64(26.76)}}","Klaster słów kluczowych ""Automotive Supply Chain"" wyraźnie koncentruje się na zarządzaniu łańcuchem dostaw w branży motoryzacyjnej, a także na oprogramowaniu i rozwiązaniach wspierających ten proces. Użytkownicy poszukują informacji na temat ""automotive supply chain management"", ""automotive supply chain software"", a także konkretnych rozwiązań, takich jak ""auto parts inventory software"" czy ""spare parts management software"". Głównym tematem jest optymalizacja i efektywność łańcucha dostaw, z podtematami związanymi z oprogramowaniem, zarządzaniem zapasami i częściami zamiennymi. Użytkownicy znajdują się na różnych etapach ścieżki klienta, od poszukiwania informacji (""automotive supply chain management"") po rozważanie konkretnych rozwiązań i oprogramowania (""auto parts software"", ""parts ordering software"").","Strategia contentowa powinna skupiać się na edukacji, prezentacji rozwiązań i budowaniu autorytetu w branży.

*   **Artykuły blogowe:**
    *   ""The Ultimate Guide to Automotive Supply Chain Management""
    *   ""Top 5 Software Solutions for Automotive Parts Inventory Management""
    *   ""How to Optimize Your Automotive Supply Chain for Maximum Efficiency""
*   **Poradniki:**
    *   ""A Step-by-Step Guide to Implementing Spare Parts Management Software""
    *   ""Best Practices for Automotive Parts Inventory Management""
*   **Strony produktowe/Landing Pages:**
    *   Dedicated pages for specific software solutions, e.g., ""Automotive Supply Chain Software"" with features and benefits.
    *   ""Automotive Parts Management System"" - showcasing the benefits and features.","Klaster ""Automotive Supply Chain"" charakteryzuje się znacznym łącznym wolumenem wyszukiwań (3940), co wskazuje na duży potencjał dotarcia do użytkowników. Mimo średniej trudności (KD 10.24), obecność intencji komercyjnej i transakcyjnej w wielu słowach kluczowych sugeruje możliwość generowania konwersji i zysków.",0.98,Wysoki
6,Legacy System Modernization,17,1890,12.65,6.08,"{'branded': {'count': 1, 'percentage': np.float64(5.88)}, 'local': {'count': 0, 'percentage': np.float64(0.0)}, 'navigational': {'count': 2, 'percentage': np.float64(11.76)}, 'informational': {'count': 13, 'percentage': np.float64(76.47)}, 'commercial': {'count': 11, 'percentage': np.float64(64.71)}, 'transactional': {'count': 2, 'percentage': np.float64(11.76)}}","Słowa kluczowe w tym klastrze wyraźnie wskazują na zainteresowanie modernizacją przestarzałych systemów IT. Użytkownicy poszukują informacji na temat ""legacy software modernization"", ""legacy system modernization services"" oraz ""legacy app modernization"". Głównym tematem jest transformacja i unowocześnianie istniejących systemów, a podtematami są usługi, rozwiązania i firmy oferujące te usługi. Użytkownicy znajdują się na różnych etapach ścieżki klienta, od poszukiwania informacji (""informational"") po rozważanie konkretnych rozwiązań i dostawców (""commercial"") i nawet gotowość do zakupu (""transactional"").","Strategia contentowa powinna skupiać się na edukacji, prezentacji rozwiązań i budowaniu zaufania. Należy tworzyć treści, które odpowiadają na różne intencje użytkowników.

*   **Artykuł blogowy:**
    *   ""The Ultimate Guide to Legacy System Modernization: Strategies and Best Practices""
    *   ""5 Signs Your Legacy System Needs Modernization and How to Approach It""

*   **Strona produktowa/usługowa:**
    *   ""Legacy Software Modernization Services: Transform Your IT Infrastructure""
    *   ""Modernization Solutions for Legacy Systems: Case Studies and Success Stories""

*   **Poradnik/Whitepaper:**
    *   ""Choosing the Right Legacy System Modernization Approach: A Step-by-Step Guide""
    *   ""Cost-Benefit Analysis of Legacy App Modernization vs. Replacement""","Klaster ""Legacy System Modernization"" charakteryzuje się znacznym łącznym wolumenem wyszukiwań (1890), co wskazuje na duże zainteresowanie tematem. Mimo średniej trudności (12.65 KD), obecność intencji komercyjnych (64.71%) i transakcyjnych (11.76%) sugeruje potencjał konwersji, co w połączeniu z wysokim wolumenem uzasadnia wysoki priorytet.",0.96,Wysoki
21,Real Estate Software Solutions,19,1990,33.05,4.87,"{'branded': {'count': 0, 'percentage': np.float64(0.0)}, 'local': {'count': 0, 'percentage': np.float64(0.0)}, 'navigational': {'count': 0, 'percentage': np.float64(0.0)}, 'informational': {'count': 12, 'percentage': np.float64(63.16)}, 'commercial': {'count': 18, 'percentage': np.float64(94.74)}, 'transactional': {'count': 5, 'percentage': np.float64(26.32)}}","Klaster słów kluczowych ""Real Estate Software Solutions"" wyraźnie koncentruje się na oprogramowaniu dla branży nieruchomości. Użytkownicy poszukują rozwiązań do rozwoju, zarządzania i sprzedaży nieruchomości. Głównym tematem jest **real estate software**, z podtematami takimi jak **development**, **companies**, **consultants**, oraz **sales**. Użytkownicy znajdują się głównie na etapie rozważania i decyzji zakupowej, szukając informacji o dostępnych rozwiązaniach i ich funkcjonalnościach. Przykładowe frazy, takie jak ""**real estate software development services**"" i ""**best software for real estate developers**"", wskazują na poszukiwanie konkretnych rozwiązań.","Strategia contentowa powinna skupiać się na edukowaniu potencjalnych klientów i prezentowaniu korzyści płynących z wykorzystania oprogramowania dla nieruchomości.

*   **Artykuły blogowe:**
    *   ""Top 10 Real Estate Software Solutions for 2024""
    *   ""How to Choose the Right Real Estate Software for Your Business""
*   **Strony produktowe:**
    *   Dedicated pages for each type of software (e.g., ""Real Estate Development Software"", ""Property Management Software"")
*   **Case Studies:**
    *   ""Success Story: How [Company Name] Increased Sales with Real Estate Software""
    *   ""Real Estate Software Development: A Case Study of [Specific Project]""","Klaster ""Real Estate Software Solutions"" charakteryzuje się znacznym łącznym wolumenem wyszukiwań (1990), co wskazuje na duże zainteresowanie tematem. Mimo obecności słów kluczowych o wysokiej trudności, średnia trudność (33.05) jest relatywnie przystępna. Wysoki odsetek intencji komercyjnych (94.74%) i obecność intencji transakcyjnych (26.32%) sugerują potencjał konwersji i generowania leadów.",0.96,Wysoki
19,Cloud Development Services,27,3980,32.85,2.13,"{'branded': {'count': 1, 'percentage': np.float64(3.7)}, 'local': {'count': 0, 'percentage': np.float64(0.0)}, 'navigational': {'count': 0, 'percentage': np.float64(0.0)}, 'informational': {'count': 14, 'percentage': np.float64(51.85)}, 'commercial': {'count': 23, 'percentage': np.float64(85.19)}, 'transactional': {'count': 10, 'percentage': np.float64(37.04)}}","Klaster słów kluczowych ""Cloud Development Services"" wyraźnie wskazuje na zainteresowanie użytkowników usługami związanymi z rozwojem aplikacji i oprogramowania w chmurze. Głównym tematem jest szeroko pojęty ""cloud development"", z podtematami takimi jak ""cloud application development"", ""cloud software development"" oraz ""cloud computing development"". Użytkownicy najprawdopodobniej znajdują się na etapie poszukiwania dostawców usług, porównywania ofert i rozważania wdrożenia rozwiązań chmurowych dla swoich potrzeb biznesowych. Wiele zapytań, takich jak ""cloud application development services"" i ""cloud software development company"", sugeruje poszukiwanie konkretnych rozwiązań i partnerów.","Strategia contentowa powinna skupiać się na edukowaniu potencjalnych klientów, prezentowaniu korzyści płynących z rozwiązań chmurowych oraz budowaniu zaufania poprzez prezentację doświadczenia i case studies.

*   **Artykuły blogowe:**
    *   ""Top 10 Cloud Application Development Services for 2024""
    *   ""How to Choose the Right Cloud Development Company for Your Business""
*   **Poradniki:**
    *   ""A Beginner's Guide to Cloud Development: Technologies, Benefits, and Best Practices""
    *   ""Cloud Computing Development: A Step-by-Step Guide""
*   **Strony produktowe/usługowe:**
    *   Dedicated pages for ""Cloud Application Development Services""
    *   Dedicated pages for ""Cloud Software Development Services""
    *   Dedicated pages for ""Cloud Computing Development Services""
*   **Case Studies:**
    *   ""Cloud Development Success Story: [Company Name]'s Transformation""
    *   ""How [Client Name] Leveraged Cloud Development to Achieve [Specific Results]""","Klaster ""Cloud Development Services"" charakteryzuje się wysokim wolumenem wyszukiwań (3980), co wskazuje na duże zainteresowanie tematem. Mimo średniej trudności (32.85), obecność wielu słów kluczowych z intencją komercyjną (85.19%) i transakcyjną (37.04%) sugeruje potencjał konwersji i generowania leadów, co czyni ten klaster bardzo atrakcyjnym z biznesowego punktu widzenia.",0.94,Wysoki
9,Warranty Management Solutions,23,2750,14.83,1.95,"{'branded': {'count': 0, 'percentage': np.float64(0.0)}, 'local': {'count': 0, 'percentage': np.float64(0.0)}, 'navigational': {'count': 1, 'percentage': np.float64(4.35)}, 'informational': {'count': 17, 'percentage': np.float64(73.91)}, 'commercial': {'count': 22, 'percentage': np.float64(95.65)}, 'transactional': {'count': 5, 'percentage': np.float64(21.74)}}","Klaster słów kluczowych ""Warranty Management Solutions"" wyraźnie koncentruje się na rozwiązaniach z zakresu zarządzania gwarancjami, ze szczególnym uwzględnieniem branży motoryzacyjnej. Użytkownicy poszukują informacji na temat oprogramowania, usług i systemów do zarządzania roszczeniami gwarancyjnymi. Głównym tematem jest **warranty management**, z podtematami takimi jak **warranty claims**, **automotive warranty** i **warranty software**. Użytkownicy znajdują się głównie na etapie poszukiwania i oceny rozwiązań (commercial), a także na etapie podejmowania decyzji o zakupie (transactional), szukając konkretnych rozwiązań jak **warranty claim management system** czy **warranty claims processing solution**.","Strategia contentowa powinna skupiać się na edukacji i prezentacji rozwiązań z zakresu zarządzania gwarancjami, z naciskiem na korzyści dla użytkowników.

*   **Artykuł blogowy:**
    *   ""The Ultimate Guide to Warranty Management Solutions""
    *   ""How to Choose the Best Warranty Claim Management Software for Your Business""
*   **Strona produktowa:**
    *   ""Warranty Management Software Solutions for Automotive Industry""
    *   ""Features and Benefits of Our Warranty Claims Processing System""
*   **Poradnik:**
    *   ""A Step-by-Step Guide to Implementing a Warranty Management System""
    *   ""Best Practices for Managing Warranty Claims""","Klaster ""Warranty Management Solutions"" charakteryzuje się znacznym łącznym wolumenem wyszukiwań (2750), co wskazuje na duże zainteresowanie tematem. Mimo średniej trudności (14.83 KD), wysoki odsetek intencji komercyjnych (95.65%) i transakcyjnych (21.74%) sugeruje potencjał konwersji, co czyni ten klaster atrakcyjnym z punktu widzenia biznesowego.",0.93,Wysoki
5,Business Process Automation,20,2290,14.75,4.12,"{'branded': {'count': 0, 'percentage': np.float64(0.0)}, 'local': {'count': 0, 'percentage': np.float64(0.0)}, 'navigational': {'count': 0, 'percentage': np.float64(0.0)}, 'informational': {'count': 20, 'percentage': np.float64(100.0)}, 'commercial': {'count': 12, 'percentage': np.float64(60.0)}, 'transactional': {'count': 0, 'percentage': np.float64(0.0)}}","Klaster słów kluczowych ""Business Process Automation"" wyraźnie wskazuje na zainteresowanie użytkowników tematem automatyzacji procesów biznesowych. Głównym tematem jest oczywiście sama automatyzacja, ale podtematy obejmują platformy, narzędzia, strategie, a także porównania z innymi technologiami, jak RPA (Robotic Process Automation). Użytkownicy wydają się być na różnych etapach ścieżki klienta: od poszukiwania informacji (np. ""types of automation"", ""purpose of automation"") po rozważanie konkretnych rozwiązań (np. ""business process automation services"", ""enterprise automation platform""). Wiele zapytań wskazuje na chęć zrozumienia korzyści i zastosowań automatyzacji w kontekście konkretnych firm.","Strategia contentowa powinna skupiać się na edukacji i prezentacji rozwiązań. Należy tworzyć treści, które odpowiadają na pytania użytkowników i pomagają im zrozumieć, jak automatyzacja może usprawnić ich działalność.

*   **Artykuły blogowe:**
    *   ""The Ultimate Guide to Business Process Automation: Benefits, Strategies, and Tools""
    *   ""Business Process Automation vs. Robotic Process Automation: Which is Right for Your Business?""
    *   ""5 Real-World Business Process Automation Use Cases""

*   **Poradniki/Whitepapers:**
    *   ""How to Choose the Right Enterprise Automation Platform""
    *   ""A Step-by-Step Guide to Implementing Business Process Automation""

*   **Strony produktowe/Landing pages:**
    *   Dedicated landing pages for ""business process automation services"" or ""enterprise automation software"" with detailed information, case studies, and clear calls to action.","Klaster ""Business Process Automation"" charakteryzuje się znacznym łącznym wolumenem wyszukiwań (2290), co wskazuje na duże zainteresowanie tematem. Mimo średniej trudności (14.75) i obecności słów kluczowych o wysokiej trudności, obecność intencji komercyjnej w wielu frazach sugeruje potencjał konwersji. Potencjał biznesowy jest wysoki, ponieważ automatyzacja procesów biznesowych jest kluczowa dla wielu firm.",0.9,Wysoki
22,Real Estate Tech Solutions,30,2310,16.27,2.31,"{'branded': {'count': 0, 'percentage': np.float64(0.0)}, 'local': {'count': 0, 'percentage': np.float64(0.0)}, 'navigational': {'count': 1, 'percentage': np.float64(3.33)}, 'informational': {'count': 29, 'percentage': np.float64(96.67)}, 'commercial': {'count': 29, 'percentage': np.float64(96.67)}, 'transactional': {'count': 0, 'percentage': np.float64(0.0)}}","Klaster słów kluczowych ""Real Estate Tech Solutions"" wyraźnie wskazuje na zainteresowanie użytkowników technologiami w branży nieruchomości. Głównym tematem jest poszukiwanie rozwiązań, firm i platform, które oferują innowacje w tej dziedzinie. Użytkownicy wydają się być na etapie researchu i porównywania, szukając informacji o ""real estate tech companies"", ""real estate technology platforms"", ""property technology solutions"" oraz ""best real estate tech companies"". Intencja komercyjna jest silna, co sugeruje, że użytkownicy są zainteresowani znalezieniem konkretnych rozwiązań dla swoich potrzeb.","Strategia contentowa powinna skupiać się na edukowaniu i informowaniu użytkowników o dostępnych rozwiązaniach, a także na prezentowaniu korzyści płynących z ich wdrożenia.

*   **Artykuły blogowe:**
    *   ""Top 10 Real Estate Tech Companies to Watch in 2024""
    *   ""The Ultimate Guide to Property Technology Solutions""
*   **Poradniki:**
    *   ""How to Choose the Right Real Estate Technology Platform for Your Business""
    *   ""Commercial Property Security: A Guide to Modern Solutions""
*   **Strony produktowe:**
    *   Strony dedykowane konkretnym rozwiązaniom, np. ""Real Estate SaaS Solutions""
    *   Strony prezentujące ""Commercial Real Estate Technology""","Klaster ""Real Estate Tech Solutions"" charakteryzuje się znacznym łącznym wolumenem wyszukiwań (2310), co wskazuje na duże zainteresowanie tematem. Mimo obecności słów kluczowych o wysokiej trudności, wiele fraz ma relatywnie niski KD, a wysoki odsetek intencji komercyjnych sugeruje potencjał konwersji.",0.9,Wysoki
13,Proptech Solutions & Companies,45,2100,7.31,0.9,"{'branded': {'count': 0, 'percentage': np.float64(0.0)}, 'local': {'count': 0, 'percentage': np.float64(0.0)}, 'navigational': {'count': 1, 'percentage': np.float64(2.22)}, 'informational': {'count': 41, 'percentage': np.float64(91.11)}, 'commercial': {'count': 39, 'percentage': np.float64(86.67)}, 'transactional': {'count': 1, 'percentage': np.float64(2.22)}}","Klaster słów kluczowych ""Proptech Solutions & Companies"" wyraźnie wskazuje na zainteresowanie użytkowników branżą technologii dla nieruchomości (proptech). Użytkownicy poszukują informacji o firmach, oprogramowaniu, rozwiązaniach i narzędziach w tej dziedzinie. Głównym tematem jest proptech jako branża, a podtematami są konkretne rozwiązania (np. ""proptech software"", ""proptech platform""), firmy (""proptech companies"") i zastosowania (np. ""proptech real estate""). Użytkownicy znajdują się na różnych etapach ścieżki klienta, od poszukiwania informacji (""what is a proptech company"") po rozważanie konkretnych rozwiązań i firm (""best proptech company"", ""proptech solutions"").","Strategia contentowa powinna skupiać się na edukowaniu, informowaniu i prezentowaniu rozwiązań z zakresu proptech. Należy tworzyć treści, które odpowiadają na różne intencje użytkowników, od ogólnych pytań po konkretne poszukiwania.

*   **Artykuły blogowe:**
    *   ""Top 10 Proptech Companies to Watch in 2024""
    *   ""What is Proptech and How is it Transforming Real Estate?""
    *   ""The Benefits of Proptech Software for Property Management""

*   **Strony produktowe/katalogi:**
    *   ""Proptech Solutions: Find the Right Software for Your Business"" (strona z przeglądem rozwiązań)
    *   ""Proptech Companies Directory: Find the Best Providers"" (katalog firm)

*   **Poradniki/Przewodniki:**
    *   ""How to Choose the Right Proptech Platform for Your Needs""
    *   ""A Guide to Proptech for Commercial Real Estate""","Klaster ""Proptech Solutions & Companies"" wykazuje wysoki potencjał ze względu na znaczny łączny wolumen wyszukiwań (2100), obecność intencji komercyjnej w wielu słowach kluczowych (86.67%) i relatywnie niską średnią trudność (7.31). Tematyka proptech jest aktualnie bardzo popularna, a obecność fraz takich jak ""proptech companies"", ""proptech software"" i ""proptech solutions"" sugeruje silne zainteresowanie użytkowników rozwiązaniami i firmami z tej branży.",0.89,Wysoki
20,Azure Cloud Services,19,930,30.79,3.29,"{'branded': {'count': 18, 'percentage': np.float64(94.74)}, 'local': {'count': 0, 'percentage': np.float64(0.0)}, 'navigational': {'count': 1, 'percentage': np.float64(5.26)}, 'informational': {'count': 18, 'percentage': np.float64(94.74)}, 'commercial': {'count': 19, 'percentage': np.float64(100.0)}, 'transactional': {'count': 0, 'percentage': np.float64(0.0)}}","Słowa kluczowe w tym klastrze wskazują na zainteresowanie usługami zarządzanymi w chmurze Azure. Użytkownicy poszukują informacji o zarządzaniu, wsparciu, cenach i firmach korzystających z Azure. Głównym tematem jest ""Azure Managed Services"", z podtematami takimi jak migracja z AWS, wybór dostawcy i analiza kosztów. Użytkownicy znajdują się głównie na etapie rozważania i decyzji, szukając rozwiązań dla swoich potrzeb w zakresie chmury. Przykładowe frazy wskazują na to, że użytkownicy chcą dowiedzieć się więcej o ""azure managed cloud services"", ""azure managed services pricing"" oraz ""companies using azure"".","Strategia contentowa powinna skupiać się na edukowaniu i przekonywaniu potencjalnych klientów do wyboru Azure i oferowanych usług.

*   **Artykuł blogowy/Poradnik:**
    *   ""Azure Managed Cloud Services: A Comprehensive Guide""
    *   ""How to Choose the Right Azure Managed Services Provider""
*   **Strona produktowa/Landing Page:**
    *   ""Azure Managed Services Pricing: Get a Quote""
    *   ""Azure Managed Support Services: Features and Benefits""
*   **Case Study:**
    *   ""Companies Using Azure: Success Stories and Case Studies""
    *   ""From AWS to Azure: A Case Study of Successful Migration""","Klaster ""Azure Cloud Services"" charakteryzuje się znacznym łącznym wolumenem wyszukiwań (930), wysokim odsetkiem intencji komercyjnych (100%) i obecnością fraz o relatywnie niskiej trudności (np. ""from aws to azure""). Potencjał biznesowy jest wysoki, ponieważ zapytania wskazują na zainteresowanie usługami chmurowymi Azure, co może prowadzić do konwersji.",0.88,Wysoki
10,DevOps Implementation & Tools,144,8630,22.52,2.59,"{'branded': {'count': 11, 'percentage': np.float64(7.64)}, 'local': {'count': 0, 'percentage': np.float64(0.0)}, 'navigational': {'count': 1, 'percentage': np.float64(0.69)}, 'informational': {'count': 141, 'percentage': np.float64(97.92)}, 'commercial': {'count': 49, 'percentage': np.float64(34.03)}, 'transactional': {'count': 3, 'percentage': np.float64(2.08)}}","Klaster słów kluczowych ""DevOps Implementation & Tools"" wyraźnie koncentruje się na zrozumieniu, wdrożeniu i wykorzystaniu narzędzi w kontekście DevOps. Użytkownicy poszukują informacji na temat metodologii (np. ""devops methodology"", ""devops phases""), narzędzi (np. ""devops monitoring tools"", ""devops toolchains""), a także aspektów związanych z implementacją i zarządzaniem (np. ""devops team structure"", ""devops maturity model""). Głównym tematem jest kompleksowe podejście do DevOps, obejmujące zarówno teoretyczne aspekty, jak i praktyczne narzędzia. Użytkownicy znajdują się na różnych etapach ścieżki klienta, od fazy edukacyjnej (np. ""what is devops"", ""devops phases"") po fazę poszukiwania rozwiązań i narzędzi (np. ""devops monitoring tools"", ""devops automation services"").","Strategia contentowa powinna skupiać się na edukacji, prezentacji rozwiązań i budowaniu autorytetu w temacie DevOps. Należy tworzyć treści, które odpowiadają na różne intencje użytkowników, od informacyjnych po komercyjne.

Przykładowe typy treści:
*   **Artykuł blogowy:**
    *   ""DevOps Monitoring Tools: A Comprehensive Guide""
    *   ""DevOps Implementation: Best Practices for Success""
*   **Poradnik:**
    *   ""DevOps Maturity Model: How to Assess Your Organization""
    *   ""Choosing the Right DevOps Tools for Your Needs""
*   **Strona produktowa/rozwiązania:**
    *   ""DevOps Services and Solutions""
    *   ""DevOps Automation Services""","Klaster ""DevOps Implementation & Tools"" charakteryzuje się znacznym łącznym wolumenem wyszukiwań (8630), co wskazuje na duże zainteresowanie tematem. Mimo średniej trudności (22.52), obecność intencji komercyjnej (34.03%) i transakcyjnej (2.08%) sugeruje potencjał konwersji. Tematyka DevOps jest również bardzo aktualna i pasuje do wielu celów biznesowych związanych z optymalizacją procesów IT.",0.87,Wysoki
15,Software Development & Consulting,27,3300,9.37,5.74,"{'branded': {'count': 1, 'percentage': np.float64(3.7)}, 'local': {'count': 0, 'percentage': np.float64(0.0)}, 'navigational': {'count': 0, 'percentage': np.float64(0.0)}, 'informational': {'count': 14, 'percentage': np.float64(51.85)}, 'commercial': {'count': 21, 'percentage': np.float64(77.78)}, 'transactional': {'count': 11, 'percentage': np.float64(40.74)}}","Klaster ""Software Development & Consulting"" skupia się na usługach związanych z tworzeniem oprogramowania, doradztwem i transformacją IT. Użytkownicy poszukują informacji na temat różnych aspektów rozwoju oprogramowania (np. *mvp software development*, *app development consulting*), a także konkretnych usług doradczych (np. *it infrastructure management services*, *saas development consulting*). Intencje użytkowników są zróżnicowane, od poszukiwania informacji (np. *what is mvp in software development*) po chęć znalezienia dostawcy usług (np. *mvp software development agency*, *application development consultants*). Użytkownicy mogą znajdować się na różnych etapach ścieżki klienta, od fazy researchu i edukacji po poszukiwanie konkretnych rozwiązań i dostawców.","Strategia contentowa powinna skupić się na edukacji, budowaniu autorytetu i prezentowaniu konkretnych rozwiązań. Należy tworzyć treści, które odpowiadają na różne intencje użytkowników, od informacyjnych po komercyjne.

Przykładowe typy treści:

1.  **Artykuły blogowe/Poradniki:**
    *   ""What is MVP in Software Development? A Complete Guide""
    *   ""Top 5 SaaS Development Consulting Services for Your Business""
    *   ""How to Choose the Right Application Development Consultant""

2.  **Strony produktowe/Usługowe:**
    *   Dedicated page for ""MVP Software Development Services""
    *   Page showcasing ""Application Development Consulting Expertise""
    *   ""IT Transformation Consulting - Our Approach""

3.  **Case Studies:**
    *   ""Case Study: How We Helped [Client Name] with MVP Software Development""
    *   ""Successful SaaS Development Consulting Project: [Client Name]""
    *   ""IT Infrastructure Management Services: A Success Story""","Klaster ma przyzwoity wolumen wyszukiwań (3300), co wskazuje na potencjalne zainteresowanie. Średnia trudność (9.37) jest relatywnie niska, co sugeruje możliwość osiągnięcia dobrych pozycji w wynikach wyszukiwania. Wysoki odsetek intencji komercyjnych (77.78%) i transakcyjnych (40.74%) wskazuje na potencjał konwersji, ale obecność wielu intencji w jednym słowie kluczowym może utrudniać targetowanie.",0.74,Średni
4,ERP Customization & Integration,31,2070,5.03,4.86,"{'branded': {'count': 3, 'percentage': np.float64(9.68)}, 'local': {'count': 0, 'percentage': np.float64(0.0)}, 'navigational': {'count': 0, 'percentage': np.float64(0.0)}, 'informational': {'count': 25, 'percentage': np.float64(80.65)}, 'commercial': {'count': 26, 'percentage': np.float64(83.87)}, 'transactional': {'count': 6, 'percentage': np.float64(19.35)}}","Klaster słów kluczowych ""ERP Customization & Integration"" koncentruje się wokół tematu dostosowywania i integracji systemów ERP. Użytkownicy poszukują informacji na temat możliwości personalizacji oprogramowania (np. ""custom erp"", ""customized erp solutions""), integracji z innymi systemami (np. ""erp and pos integration"", ""erp integration best practices"") oraz rozwiązań problemów związanych z ERP (np. ""erp problems"", ""erp problems and solutions""). Użytkownicy znajdują się na etapie rozważania i podejmowania decyzji, poszukując rozwiązań, które najlepiej odpowiadają ich potrzebom biznesowym.","Strategia contentowa powinna skupiać się na edukowaniu użytkowników i prezentowaniu rozwiązań w zakresie dostosowywania i integracji ERP.

*   **Artykuły blogowe:**
    *   ""The Ultimate Guide to ERP Customization: Benefits, Challenges, and Best Practices""
    *   ""How to Integrate Your ERP System with Your POS System for Seamless Operations""
    *   ""Top 5 ERP Integration Challenges and How to Overcome Them""

*   **Strony produktowe/Landing pages:**
    *   Dedykowane strony dla konkretnych rozwiązań integracyjnych (np. ""ERP and CRM Integration Solutions"")
    *   Strony prezentujące możliwości customizacji ERP dla różnych branż (np. ""ERP Customization for Manufacturing Companies"")

*   **Case Studies:**
    *   ""Successful ERP Customization Projects: Case Studies and Results""
    *   ""How [Company Name] Improved Efficiency with ERP Integration""","Klaster ""ERP Customization & Integration"" ma przyzwoity wolumen wyszukiwań i relatywnie niską średnią trudność, co sugeruje potencjał do osiągnięcia dobrych pozycji w wynikach wyszukiwania. Wysoki odsetek intencji komercyjnych i transakcyjnych wskazuje na możliwość generowania leadów i konwersji, jednak obecność wielu słów kluczowych o niskim wolumenie może obniżać ogólny priorytet.",0.68,Średni
0,Car Buyback Programs,27,1870,3.85,1.3,"{'branded': {'count': 0, 'percentage': np.float64(0.0)}, 'local': {'count': 0, 'percentage': np.float64(0.0)}, 'navigational': {'count': 0, 'percentage': np.float64(0.0)}, 'informational': {'count': 25, 'percentage': np.float64(92.59)}, 'commercial': {'count': 21, 'percentage': np.float64(77.78)}, 'transactional': {'count': 2, 'percentage': np.float64(7.41)}}","Klaster słów kluczowych ""Car Buyback Programs"" koncentruje się na zrozumieniu i działaniach związanych z programami odkupu samochodów. Użytkownicy szukają informacji na temat definicji (np. ""what is a buyback car""), korzyści (np. ""why would a dealer buy back a car""), oraz sposobu działania (np. ""how does a buy back work on a car""). Głównym tematem jest sam proces odkupu samochodu, z podtematami takimi jak rola dealera (np. ""dealer buy back"") i ochrona konsumenta (np. ""what is buy back protection""). Użytkownicy znajdują się głównie na etapie researchu i rozważania, ale również mogą być zainteresowani transakcją.","Ogólna strategia contentowa powinna łączyć treści informacyjne z elementami komercyjnymi, aby zaspokoić różne intencje użytkowników.

*   **Artykuł blogowy:**
    *   ""What is a Car Buyback? Your Ultimate Guide""
    *   ""Dealer Buyback vs. Private Sale: Which is Right for You?""
*   **Poradnik:**
    *   ""How to Negotiate a Car Buyback Deal""
    *   ""5 Things to Know Before You Sell Your Car Back to the Dealer""
*   **Strona produktowa/usługowa:**
    *   ""Car Buyback Programs: Find the Best Offers in [Your Area]"" (jeśli dotyczy lokalnego biznesu)
    *   ""Get a Free Car Buyback Valuation""","Klaster ""Car Buyback Programs"" ma umiarkowany wolumen wyszukiwań (1870), co wskazuje na pewne zainteresowanie tematem. Średnia trudność (3.85) jest stosunkowo niska, co sugeruje, że pozycjonowanie jest osiągalne. Intencja komercyjna jest obecna, ale nie dominuje, co oznacza, że klaster może wymagać zróżnicowanego podejścia contentowego.",0.6,Średni
7,Digital Automotive Retail,23,1000,5.26,3.47,"{'branded': {'count': 0, 'percentage': np.float64(0.0)}, 'local': {'count': 0, 'percentage': np.float64(0.0)}, 'navigational': {'count': 0, 'percentage': np.float64(0.0)}, 'informational': {'count': 23, 'percentage': np.float64(100.0)}, 'commercial': {'count': 16, 'percentage': np.float64(69.57)}, 'transactional': {'count': 0, 'percentage': np.float64(0.0)}}","Klaster słów kluczowych ""Digital Automotive Retail"" koncentruje się na transformacji cyfrowej w branży motoryzacyjnej, ze szczególnym uwzględnieniem sprzedaży detalicznej. Użytkownicy poszukują informacji na temat narzędzi, platform i trendów związanych z digital retailingiem, a także możliwości, jakie oferuje ta zmiana. Głównym tematem jest **digital retailing** w kontekście **automotive industry**, z podtematami takimi jak **digital transformation**, **e-commerce** i **digital tools**. Użytkownicy znajdują się na różnych etapach ścieżki klienta, od poszukiwania informacji (**what is digital retailing automotive**) po rozważanie konkretnych rozwiązań (**digital retailing solutions**).","Strategia contentowa powinna skupiać się na edukowaniu i informowaniu potencjalnych klientów o korzyściach i możliwościach digital retailingu, a także na prezentowaniu rozwiązań i narzędzi.

*   **Artykuł blogowy:**
    *   ""The Ultimate Guide to Digital Retailing in the Automotive Industry""
    *   ""5 Key Trends Shaping the Future of Digital Automotive Retail""

*   **Poradnik:**
    *   ""How to Implement a Successful Digital Retailing Strategy for Your Dealership""
    *   ""Digital Retailing Tools: A Comprehensive Comparison""

*   **Strona produktowa/Landing page:**
    *   ""Digital Retailing Platform for Automotive Businesses"" (z opisem korzyści i funkcjonalności)
    *   ""Automotive Digital Transformation Services"" (z opisem usług i case studies)","Klaster ""Digital Automotive Retail"" wykazuje potencjał ze względu na obecność słów kluczowych o komercyjnej intencji i relatywnie wysokim wolumenie wyszukiwań. Jednakże, wysoka średnia trudność (KD) i obecność słów kluczowych z zerowym wolumenem wyszukiwań obniżają priorytet, sugerując, że osiągnięcie wysokich pozycji w wynikach wyszukiwania może być wymagające.",0.6,Średni
11,Software Testing & QA,61,6570,18.57,2.25,"{'branded': {'count': 7, 'percentage': np.float64(11.48)}, 'local': {'count': 1, 'percentage': np.float64(1.64)}, 'navigational': {'count': 2, 'percentage': np.float64(3.28)}, 'informational': {'count': 48, 'percentage': np.float64(78.69)}, 'commercial': {'count': 21, 'percentage': np.float64(34.43)}, 'transactional': {'count': 11, 'percentage': np.float64(18.03)}}","Klaster słów kluczowych ""Software Testing & QA"" koncentruje się na szerokim spektrum tematów związanych z testowaniem oprogramowania, od podstawowych po zaawansowane zagadnienia. Użytkownicy poszukują informacji na temat różnych rodzajów testów (np. ""system testing"", ""integration testing""), narzędzi (np. ""playwright software"", ""non functional testing tools"") oraz usług (np. ""manual testing services"", ""software testing consultants""). Dominacja intencji informacyjnych sugeruje, że wielu użytkowników jest na etapie edukacji i poszukuje wiedzy na temat testowania oprogramowania, podczas gdy intencje komercyjne wskazują na zainteresowanie usługami i produktami związanymi z QA. Użytkownicy mogą być na różnych etapach ścieżki klienta, od poszukiwania informacji o podstawach ""what is system testing"" po rozważanie zakupu usług ""manual qa testing services"".","Strategia contentowa powinna skupić się na edukacji i budowaniu autorytetu w branży, jednocześnie subtelnie promując usługi i produkty.

*   **Typ treści:** Artykuły blogowe i poradniki.
    *   **Przykładowe tematy:**
        *   ""System Testing vs. Integration Testing: A Comprehensive Guide""
        *   ""Top 10 Non-Functional Testing Techniques for Software Quality""
        *   ""How to Choose the Right Software Testing Services for Your Business""
        *   ""Playwright: The Ultimate Guide to Automated Web Testing""
*   **Typ treści:** Strony produktowe i landing pages.
    *   **Przykładowe tematy:**
        *   ""Manual Testing Services - Our Expertise""
        *   ""Automated Software Testing Solutions""
        *   ""QA Consulting Services - Improve Your Software Quality""
*   **Typ treści:** Case studies.
    *   **Przykładowe tematy:**
        *   ""Case Study: How We Helped [Client Name] Improve Software Quality Through System Testing""
        *   ""Successful Implementation of Automated Testing with Playwright""","Klaster ""Software Testing & QA"" ma wysoki łączny wolumen wyszukiwań, co wskazuje na potencjalny zasięg. Średnia trudność jest umiarkowana, co sugeruje, że pozycjonowanie jest osiągalne. Jednakże, rozkład intencji jest zdominowany przez intencje informacyjne, co może wymagać bardziej przemyślanej strategii monetyzacji.",0.6,Średni
2,Angular and .NET Development,57,2730,14.67,1.3,"{'branded': {'count': 54, 'percentage': np.float64(94.74)}, 'local': {'count': 0, 'percentage': np.float64(0.0)}, 'navigational': {'count': 2, 'percentage': np.float64(3.51)}, 'informational': {'count': 46, 'percentage': np.float64(80.7)}, 'commercial': {'count': 19, 'percentage': np.float64(33.33)}, 'transactional': {'count': 11, 'percentage': np.float64(19.3)}}","**

Klaster słów kluczowych ""Angular and .NET Development"" wyraźnie wskazuje na zainteresowanie użytkowników technologiami web developmentu, a konkretnie połączeniem frameworku Angular z platformą .NET. Głównym tematem jest **development aplikacji webowych** z wykorzystaniem tych technologii. Podtematy obejmują: porównania z innymi technologiami (np. ""vue vs angular"", ""angular vs react performance""), zagadnienia związane z architekturą (np. ""dependency injection in angular""), a także usługi i rozwiązania (np. ""angular web development services"", ""angular consulting""). Użytkownicy znajdują się na różnych etapach ścieżki klienta, od poszukiwania informacji (np. ""what is single page application in angular"") po rozważanie konkretnych rozwiązań i usług (np. ""angular development service"").

**","**

Strategia contentowa powinna skupiać się na edukowaniu i angażowaniu użytkowników zainteresowanych rozwojem aplikacji webowych z wykorzystaniem Angular i .NET. Należy tworzyć treści, które odpowiadają na pytania użytkowników, prezentują korzyści z wykorzystania tych technologii oraz promują konkretne rozwiązania.

*   **Artykuły blogowe:**
    *   ""Angular vs React vs Vue: Which Framework Should You Choose for Your .NET Project?""
    *   ""Best Practices for Dependency Injection in Angular and .NET Core""
    *   ""Building a Single Page Application with Angular and .NET: A Step-by-Step Guide""
*   **Poradniki:**
    *   ""How to Integrate Angular with .NET Core Web API""
    *   ""Troubleshooting Common Issues in Angular and .NET Development""
*   **Strony produktowe/usługowe:**
    *   ""Angular and .NET Development Services""
    *   ""Custom Angular Application Development""
    *   ""Hire .NET and Angular Developers""","High

Ten klaster ma wysoki priorytet ze względu na znaczny łączny wolumen wyszukiwań (2730), obecność intencji komercyjnych i transakcyjnych (33.33% i 19.3% odpowiednio) oraz relatywnie niską średnią trudność (14.67). Potencjał biznesowy jest wysoki, ponieważ klaster skupia się na technologiach, które są często wykorzystywane w profesjonalnym developmentcie oprogramowania, co sugeruje możliwość generowania leadów i konwersji.

**",0.58,Średni
8,Hybrid Multicloud Solutions,16,1360,25.75,6.39,"{'branded': {'count': 0, 'percentage': np.float64(0.0)}, 'local': {'count': 0, 'percentage': np.float64(0.0)}, 'navigational': {'count': 0, 'percentage': np.float64(0.0)}, 'informational': {'count': 16, 'percentage': np.float64(100.0)}, 'commercial': {'count': 4, 'percentage': np.float64(25.0)}, 'transactional': {'count': 0, 'percentage': np.float64(0.0)}}","Klaster ""Hybrid Multicloud Solutions"" skupia się na zrozumieniu i implementacji rozwiązań hybrydowych i multicloud. Użytkownicy szukają informacji na temat definicji, strategii, najlepszych praktyk i porównań (np. ""multicloud vs hybrid cloud""). Głównym tematem jest koncepcja i zastosowanie hybrid i multi cloud, z podtematami takimi jak bezpieczeństwo (""hybrid cloud security best practices"") i platformy (""hybrid multicloud platform""). Użytkownicy znajdują się głównie na etapie researchu i edukacji, ale obecność fraz takich jak ""hybrid multicloud strategy"" i ""hybrid multicloud platform"" sugeruje zainteresowanie rozwiązaniami i potencjalną gotowość do zakupu.","Strategia contentowa powinna skupiać się na edukacji i budowaniu zaufania, a następnie na subtelnym promowaniu rozwiązań.

*   **Artykuły blogowe:**
    *   ""What is Hybrid Multicloud? A Comprehensive Guide""
    *   ""Hybrid Cloud vs. Multicloud: Key Differences and When to Use Each""
    *   ""Best Practices for Hybrid Cloud Security""

*   **Poradniki/Whitepapers:**
    *   ""The Ultimate Guide to Hybrid Multicloud Strategy""
    *   ""Implementing a Hybrid Multicloud Platform: A Step-by-Step Guide""

*   **Strony produktowe/rozwiązań:**
    *   ""Hybrid Multicloud Solutions for [Branża]"" (np. ""Hybrid Multicloud Solutions for Financial Services"")
    *   ""Our Hybrid Cloud Platform: Features and Benefits""","Klaster ma przyzwoity wolumen wyszukiwań (1360), ale średnia trudność (25.75) sugeruje umiarkowaną konkurencję. Intencja jest głównie informacyjna, co oznacza, że konwersja może być trudniejsza, ale obecność fraz o intencji komercyjnej daje potencjał.",0.56,Średni
3,Software Quality Assurance,39,6800,15.62,1.57,"{'branded': {'count': 5, 'percentage': np.float64(12.82)}, 'local': {'count': 0, 'percentage': np.float64(0.0)}, 'navigational': {'count': 5, 'percentage': np.float64(12.82)}, 'informational': {'count': 37, 'percentage': np.float64(94.87)}, 'commercial': {'count': 6, 'percentage': np.float64(15.38)}, 'transactional': {'count': 2, 'percentage': np.float64(5.13)}}","Klaster słów kluczowych ""Software Quality Assurance"" koncentruje się na zrozumieniu i wdrażaniu procesów zapewniania jakości oprogramowania. Użytkownicy poszukują informacji na temat definicji, metodologii, standardów i roli inżynierów QA. Widzimy również zapytania związane z audytem kodu i usługami audytu. Głównym tematem jest oczywiście ""Software Quality Assurance"", z podtematami takimi jak ""code audit"" i ""quality assurance engineer"". Użytkownicy znajdują się na różnych etapach ścieżki klienta, od poszukiwania informacji (""what is software quality assurance"") po rozważanie konkretnych usług (""software audit services"").","Strategia contentowa powinna skupiać się na edukacji i budowaniu zaufania, a także na prezentacji konkretnych rozwiązań.

*   **Artykuły blogowe:**
    *   ""What is Software Quality Assurance (SQA)? A Comprehensive Guide""
    *   ""The Importance of Code Audits in Software Development""
    *   ""Quality Assurance Engineer: Roles, Responsibilities, and Skills""

*   **Poradniki:**
    *   ""SQA Methodologies: A Step-by-Step Guide""
    *   ""How to Implement a Successful Code Audit Process""

*   **Strony produktowe/usługowe:**
    *   ""Software Audit Services: Improve Your Software Quality""
    *   ""Our Software Quality Assurance Consulting Services""","Klaster ""Software Quality Assurance"" ma wysoki łączny wolumen wyszukiwań (6800), co wskazuje na potencjalny zasięg. Średnia trudność (15.62) jest umiarkowana, co sugeruje, że pozycjonowanie jest osiągalne. Intencja komercyjna jest obecna, ale nie dominuje, co oznacza, że klaster może wymagać zróżnicowanego podejścia contentowego.",0.55,Średni
17,Aftermarket Services,28,3250,15.18,0.33,"{'branded': {'count': 2, 'percentage': np.float64(7.14)}, 'local': {'count': 0, 'percentage': np.float64(0.0)}, 'navigational': {'count': 2, 'percentage': np.float64(7.14)}, 'informational': {'count': 26, 'percentage': np.float64(92.86)}, 'commercial': {'count': 12, 'percentage': np.float64(42.86)}, 'transactional': {'count': 2, 'percentage': np.float64(7.14)}}","Klaster słów kluczowych ""Aftermarket Services"" koncentruje się wokół zrozumienia definicji, zakresu i aspektów związanych z usługami posprzedażnymi. Użytkownicy poszukują informacji na temat ""what does aftermarket mean"", ""aftermarket meaning"", ""aftermarket services"", a także bardziej szczegółowych zagadnień, takich jak ""aftermarket sales"" czy ""automotive aftersales"". Głównym tematem jest definicja i charakterystyka usług posprzedażnych, z podtematami związanymi z konkretnymi branżami (np. automotive). Użytkownicy znajdują się głównie na etapie edukacji i rozważania (informational, commercial), poszukując informacji, które pomogą im zrozumieć, czym są usługi posprzedażne i jakie korzyści mogą przynieść.","Strategia contentowa powinna skupić się na edukowaniu użytkowników i budowaniu świadomości marki w kontekście usług posprzedażnych. Należy tworzyć treści, które odpowiadają na pytania użytkowników i prezentują korzyści płynące z tych usług.

*   **Artykuł blogowy:**
    *   ""What is Aftermarket Services? A Comprehensive Guide""
    *   ""The Benefits of Aftermarket Sales for Your Business""
*   **Poradnik:**
    *   ""How to Choose the Right Aftermarket Service Provider""
    *   ""Aftermarket Services: Best Practices for Automotive Businesses""
*   **Strona produktowa/usługowa:**
    *   ""Our Aftermarket Services: Solutions for [Branża]"" (np. ""Our Aftermarket Services: Solutions for Automotive"")
    *   ""Aftermarket Sales Solutions: Boost Your Revenue""","Klaster ma przyzwoity wolumen wyszukiwań (3250), co wskazuje na potencjalne zainteresowanie. Średnia trudność (15.18) jest relatywnie niska, co sugeruje możliwość osiągnięcia dobrych pozycji w wynikach wyszukiwania. Wysoki odsetek intencji informacyjnych i komercyjnych, a także obecność fraz transakcyjnych, wskazuje na potencjał konwersji, ale wymaga odpowiedniego dopasowania treści.",0.55,Średni
1,Web Development Frameworks,15,1000,35.47,1.36,"{'branded': {'count': 0, 'percentage': np.float64(0.0)}, 'local': {'count': 0, 'percentage': np.float64(0.0)}, 'navigational': {'count': 0, 'percentage': np.float64(0.0)}, 'informational': {'count': 15, 'percentage': np.float64(100.0)}, 'commercial': {'count': 9, 'percentage': np.float64(60.0)}, 'transactional': {'count': 0, 'percentage': np.float64(0.0)}}","Klaster słów kluczowych ""Web Development Frameworks"" skupia się na użytkownikach poszukujących informacji o frameworkach do tworzenia stron internetowych. Głównym tematem jest przegląd i porównanie dostępnych rozwiązań, a podtematami są konkretne frameworki i ich zastosowania. Użytkownicy znajdują się głównie na etapie researchu i porównywania opcji, poszukując informacji, które pomogą im w podjęciu decyzji. Przykładowe zapytania, jak ""top web development frameworks"" i ""frameworks for web development"", wskazują na chęć znalezienia najlepszych rozwiązań.","Strategia contentowa powinna skupić się na edukacji i dostarczaniu wartościowych informacji, które pomogą użytkownikom w wyborze odpowiedniego frameworka. Należy budować autorytet w branży, prezentując porównania, recenzje i poradniki.

Przykładowe typy treści:

*   **Artykuł blogowy:**
    *   ""Top 10 Web Development Frameworks in 2024: A Comprehensive Comparison""
    *   ""Choosing the Right Framework: A Beginner's Guide to Web Development Frameworks""
*   **Poradnik:**
    *   ""How to Choose a Web Development Framework for Your Project""
    *   ""Web Development Frameworks: Pros and Cons of Popular Choices""
*   **Strona produktowa/Landing page:**
    *   ""Best Frameworks for Front-End Development""
    *   ""Web Application Development Frameworks: A Detailed Overview""","Klaster ""Web Development Frameworks"" posiada przyzwoity wolumen wyszukiwań, ale średnia trudność jest dość wysoka, co sugeruje silną konkurencję. Obecność intencji komercyjnej wskazuje na potencjał konwersji, jednak dominacja intencji informacyjnej wymaga przemyślanej strategii contentowej.",0.52,Średni
12,System Integration,24,1030,6.62,2.23,"{'branded': {'count': 0, 'percentage': np.float64(0.0)}, 'local': {'count': 0, 'percentage': np.float64(0.0)}, 'navigational': {'count': 0, 'percentage': np.float64(0.0)}, 'informational': {'count': 24, 'percentage': np.float64(100.0)}, 'commercial': {'count': 1, 'percentage': np.float64(4.17)}, 'transactional': {'count': 0, 'percentage': np.float64(0.0)}}","Klaster słów kluczowych ""System Integration"" koncentruje się głównie na informacjach dotyczących różnych aspektów integracji systemów. Użytkownicy szukają odpowiedzi na pytania typu ""what is integrated point of sale system"", ""types of system integration"" oraz informacji o ""third party integration"". Głównym tematem jest zrozumienie definicji, metod, typów i korzyści płynących z integracji systemów. Użytkownicy znajdują się najprawdopodobniej na etapie researchu i edukacji, poszukując wiedzy, aby podjąć decyzję o ewentualnym wdrożeniu integracji.","Strategia contentowa powinna skupiać się na edukowaniu użytkowników i budowaniu autorytetu w temacie integracji systemów. Należy tworzyć treści, które odpowiadają na pytania użytkowników i pomagają im zrozumieć różne aspekty integracji.

*   **Artykuł blogowy:**
    *   ""What is System Integration? A Comprehensive Guide""
    *   ""Types of System Integration: Choosing the Right Approach for Your Business""
*   **Poradnik:**
    *   ""Third Party Integration: Best Practices and Examples""
    *   ""System Integration Methods: A Step-by-Step Guide""
*   **Strona produktowa/usługowa:**
    *   ""System Integration Services: How We Can Help Your Business"" (jeśli oferujesz takie usługi)
    *   ""Benefits of System Integration: Why It's Crucial for Modern Businesses""","Klaster ""System Integration"" ma umiarkowany wolumen wyszukiwań i relatywnie niską średnią trudność, co sugeruje potencjał do osiągnięcia dobrych pozycji w wynikach wyszukiwania. Brak wyraźnej intencji komercyjnej obniża priorytet, ale obecność fraz takich jak ""third party integration services"" wskazuje na możliwość generowania leadów.",0.5,Średni
14,Platform as a Service & Agency,17,890,18.76,0.0,"{'branded': {'count': 0, 'percentage': np.float64(0.0)}, 'local': {'count': 0, 'percentage': np.float64(0.0)}, 'navigational': {'count': 0, 'percentage': np.float64(0.0)}, 'informational': {'count': 16, 'percentage': np.float64(94.12)}, 'commercial': {'count': 3, 'percentage': np.float64(17.65)}, 'transactional': {'count': 1, 'percentage': np.float64(5.88)}}","Klaster słów kluczowych ""Platform as a Service & Agency"" koncentruje się na zrozumieniu i wykorzystaniu modelu Platform as a Service (PaaS) oraz powiązanego z nim modelu agencyjnego. Użytkownicy szukają informacji na temat definicji, korzyści i zastosowań PaaS, a także na temat modeli agencyjnych. Wiele zapytań ma charakter informacyjny, jak np. ""what is a service platform"" czy ""benefits of platform as a service"", co wskazuje na chęć edukacji. Użytkownicy mogą znajdować się na etapie researchu i rozważania implementacji PaaS lub poszukiwania agencji, która może im w tym pomóc.","Strategia contentowa powinna skupić się na edukacji i budowaniu zaufania, a następnie na prezentacji rozwiązań i usług.

*   **Artykuł blogowy:**
    *   ""What is Platform as a Service (PaaS) and How Can It Benefit Your Business?""
    *   ""Agency Model vs. Traditional Model: Which is Right for Your PaaS Project?""

*   **Poradnik/E-book:**
    *   ""The Ultimate Guide to Choosing the Right PaaS for Your Needs""
    *   ""How to Build a Successful Agency Model Around PaaS Solutions""

*   **Strona produktowa/Usługowa:**
    *   ""Platform Development Services: Our PaaS Solutions for Your Business"" (z naciskiem na korzyści i case studies)
    *   ""Agency Model for PaaS: Partner with Us to Achieve Your Goals"" (prezentacja usług agencji)","Klaster ma umiarkowany wolumen wyszukiwań (890), co wskazuje na potencjalne zainteresowanie, ale nie jest to ogromna liczba. Średnia trudność (18.76) jest stosunkowo niska, co sugeruje, że pozycjonowanie może być osiągalne. Intencja komercyjna jest obecna, ale dominuje informacyjna, co oznacza, że konwersja może wymagać dodatkowych działań.",0.49,Niski
